{"cameraMode":{"drawMode":0,"name":"Shaded","section":"Shading Mode"},"sceneLighting":false,"audioPlay":false,"sceneViewState":{"m_AlwaysRefresh":false,"showFog":true,"showSkybox":false,"showFlares":true,"showImageEffects":true,"showParticleSystems":true,"showVisualEffectGraphs":true,"m_FxEnabled":true},"in2DMode":false,"pivot":{"x":12.196883201599121,"y":4.950380325317383,"z":-3.3035807609558107},"rotation":{"x":0.06878478080034256,"y":-0.5749180912971497,"z":0.04858164116740227,"w":0.8138772249221802},"size":0.8660253882408142,"orthographic":false}